<?xml version="1.0" encoding="UTF-8"?>
<GenRun Id="impl_1" LaunchPart="xc7z020clg484-1" LaunchTime="1714024430">
  <File Type="PA-TCL" Name="Main_auto.tcl"/>
  <File Type="REPORTS-TCL" Name="Main_auto_reports.tcl"/>
  <File Type="BITSTR-MSK" Name="Main_auto.msk"/>
  <File Type="RDI-RDI" Name="Main_auto.vdi"/>
  <File Type="PA-DCP" Name="Main_auto.dcp"/>
  <File Type="BG-BIT" Name="Main_auto.bit"/>
  <File Type="BG-DRC" Name="Main_auto.drc"/>
  <File Type="BG-BGN" Name="Main_auto.bgn"/>
  <File Type="BG-BIN" Name="Main_auto.bin"/>
  <File Type="BITSTR-RBT" Name="Main_auto.rbt"/>
  <File Type="BITSTR-NKY" Name="Main_auto.nky"/>
  <File Type="BITSTR-BMM" Name="Main_auto_bd.bmm"/>
  <File Type="BITSTR-MMI" Name="Main_auto.mmi"/>
  <File Type="BITSTR-SYSDEF" Name="Main_auto.sysdef"/>
  <File Type="BITSTR-LTX" Name="debug_nets.ltx"/>
  <File Type="BITSTR-LTX" Name="Main_auto.ltx"/>
  <File Type="WBT-USG" Name="usage_statistics_webtalk.html"/>
  <File Type="OPT-DRC" Name="Main_auto_drc_opted.rpt"/>
  <File Type="OPT-HWDEF" Name="Main_auto.hwdef"/>
  <File Type="PLACE-PRE-SIMILARITY" Name="Main_auto_incremental_reuse_pre_placed.rpt"/>
  <File Type="ROUTE-DCP" Name="Main_auto_routed.dcp"/>
  <File Type="ROUTE-ERROR-DCP" Name="Main_auto_routed_error.dcp"/>
  <File Type="ROUTE-BLACKBOX-DCP" Name="Main_auto_routed_bb.dcp"/>
  <File Type="ROUTE-TIMING-PB" Name="Main_auto_timing_summary_routed.pb"/>
  <File Type="OPT-DCP" Name="Main_auto_opt.dcp"/>
  <File Type="PLACE-DCP" Name="Main_auto_placed.dcp"/>
  <File Type="PWROPT-DCP" Name="Main_auto_pwropt.dcp"/>
  <File Type="POSTPLACE-PWROPT-DCP" Name="Main_auto_postplace_pwropt.dcp"/>
  <File Type="PHYSOPT-DCP" Name="Main_auto_physopt.dcp"/>
  <File Type="POSTROUTE-PHYSOPT-DCP" Name="Main_auto_postroute_physopt.dcp"/>
  <File Type="POSTROUTE-PHYSOPT-BLACKBOX-DCP" Name="Main_auto_postroute_physopt_bb.dcp"/>
  <File Type="PDI-FILE" Name="Main_auto.pdi"/>
  <File Type="RCFI_FILE" Name="Main_auto.rcfi"/>
  <File Type="CFI_FILE" Name="Main_auto.cfi"/>
  <File Type="RNPI_FILE" Name="Main_auto.rnpi"/>
  <File Type="NPI_FILE" Name="Main_auto.npi"/>
  <File Type="RBD_FILE" Name="Main_auto.rbd"/>
  <FileSet Name="sources" Type="DesignSrcs" RelSrcDir="$PSRCDIR/sources_1" RelGenDir="$PGENDIR/sources_1">
    <Filter Type="Srcs"/>
    <File Path="$PSRCDIR/sim_1/new/main.v">
      <FileInfo>
        <Attr Name="UserDisabled" Val="1"/>
        <Attr Name="ImportPath" Val="$PPRDIR/../NI_AND_Router_3x3/NI_AND_Router_3x3.srcs/sim_1/new/main.v"/>
        <Attr Name="ImportTime" Val="1707989062"/>
        <Attr Name="UsedIn" Val="synthesis"/>
        <Attr Name="UsedIn" Val="implementation"/>
        <Attr Name="UsedIn" Val="simulation"/>
      </FileInfo>
    </File>
    <File Path="$PSRCDIR/sources_1/imports/Codes/router/mesh_router3x3.v">
      <FileInfo>
        <Attr Name="UserDisabled" Val="1"/>
        <Attr Name="ImportPath" Val="E:/vivado_projects/Codes/router/mesh_router3x3.v"/>
        <Attr Name="ImportTime" Val="1707988070"/>
        <Attr Name="UsedIn" Val="synthesis"/>
        <Attr Name="UsedIn" Val="implementation"/>
        <Attr Name="UsedIn" Val="simulation"/>
      </FileInfo>
    </File>
    <File Path="$PSRCDIR/sources_1/imports/new/nidepack.v">
      <FileInfo>
        <Attr Name="ImportPath" Val="$PPRDIR/../2x2_/2x2_.srcs/sources_1/new/nidepack.v"/>
        <Attr Name="ImportTime" Val="1716883579"/>
        <Attr Name="UsedIn" Val="synthesis"/>
        <Attr Name="UsedIn" Val="implementation"/>
        <Attr Name="UsedIn" Val="simulation"/>
      </FileInfo>
    </File>
    <File Path="$PSRCDIR/sources_1/imports/Codes/RiscV_modified/RiscV_modified.srcs/sources_1/new/Risc_Processor.v">
      <FileInfo>
        <Attr Name="ImportPath" Val="E:/vivado_projects/Codes/RiscV_modified/RiscV_modified.srcs/sources_1/new/Risc_Processor.v"/>
        <Attr Name="ImportTime" Val="1706537544"/>
        <Attr Name="UsedIn" Val="synthesis"/>
        <Attr Name="UsedIn" Val="implementation"/>
        <Attr Name="UsedIn" Val="simulation"/>
      </FileInfo>
    </File>
    <File Path="$PSRCDIR/sources_1/imports/new/new.v">
      <FileInfo>
        <Attr Name="ImportPath" Val="$PPRDIR/../2x2_/2x2_.srcs/sources_1/new/new.v"/>
        <Attr Name="ImportTime" Val="1716883579"/>
        <Attr Name="UsedIn" Val="synthesis"/>
        <Attr Name="UsedIn" Val="implementation"/>
        <Attr Name="UsedIn" Val="simulation"/>
      </FileInfo>
    </File>
    <File Path="$PSRCDIR/sources_1/imports/new/rp1.v">
      <FileInfo>
        <Attr Name="ImportPath" Val="$PPRDIR/../2x2_/2x2_.srcs/sources_1/new/rp1.v"/>
        <Attr Name="ImportTime" Val="1716883579"/>
        <Attr Name="UsedIn" Val="synthesis"/>
        <Attr Name="UsedIn" Val="implementation"/>
        <Attr Name="UsedIn" Val="simulation"/>
      </FileInfo>
    </File>
    <File Path="$PSRCDIR/sources_1/imports/new/depack.v">
      <FileInfo>
        <Attr Name="ImportPath" Val="$PPRDIR/../2x2_/2x2_.srcs/sources_1/new/depack.v"/>
        <Attr Name="ImportTime" Val="1716883579"/>
        <Attr Name="UsedIn" Val="synthesis"/>
        <Attr Name="UsedIn" Val="implementation"/>
        <Attr Name="UsedIn" Val="simulation"/>
      </FileInfo>
    </File>
    <File Path="$PSRCDIR/sources_1/imports/Codes/RiscV_modified/RiscV_modified.srcs/sources_1/new/pc_adder.v">
      <FileInfo>
        <Attr Name="ImportPath" Val="E:/vivado_projects/Codes/RiscV_modified/RiscV_modified.srcs/sources_1/new/pc_adder.v"/>
        <Attr Name="ImportTime" Val="1706537544"/>
        <Attr Name="UsedIn" Val="synthesis"/>
        <Attr Name="UsedIn" Val="implementation"/>
        <Attr Name="UsedIn" Val="simulation"/>
      </FileInfo>
    </File>
    <File Path="$PSRCDIR/sources_1/imports/Codes/RiscV_modified/RiscV_modified.srcs/sources_1/new/mux_2.v">
      <FileInfo>
        <Attr Name="ImportPath" Val="E:/vivado_projects/Codes/RiscV_modified/RiscV_modified.srcs/sources_1/new/mux_2.v"/>
        <Attr Name="ImportTime" Val="1706537544"/>
        <Attr Name="UsedIn" Val="synthesis"/>
        <Attr Name="UsedIn" Val="implementation"/>
        <Attr Name="UsedIn" Val="simulation"/>
      </FileInfo>
    </File>
    <File Path="$PSRCDIR/sources_1/imports/Codes/RiscV_modified/RiscV_modified.srcs/sources_1/new/pc_select.v">
      <FileInfo>
        <Attr Name="ImportPath" Val="E:/vivado_projects/Codes/RiscV_modified/RiscV_modified.srcs/sources_1/new/pc_select.v"/>
        <Attr Name="ImportTime" Val="1706537544"/>
        <Attr Name="UsedIn" Val="synthesis"/>
        <Attr Name="UsedIn" Val="implementation"/>
        <Attr Name="UsedIn" Val="simulation"/>
      </FileInfo>
    </File>
    <File Path="$PSRCDIR/sources_1/imports/Codes/RiscV_modified/RiscV_modified.srcs/sources_1/new/Inst_Fetch.v">
      <FileInfo>
        <Attr Name="ImportPath" Val="E:/vivado_projects/Codes/RiscV_modified/RiscV_modified.srcs/sources_1/new/Inst_Fetch.v"/>
        <Attr Name="ImportTime" Val="1706537544"/>
        <Attr Name="UsedIn" Val="synthesis"/>
        <Attr Name="UsedIn" Val="implementation"/>
        <Attr Name="UsedIn" Val="simulation"/>
      </FileInfo>
    </File>
    <File Path="$PSRCDIR/sources_1/imports/Codes/RiscV_modified/RiscV_modified.srcs/sources_1/new/signextend.v">
      <FileInfo>
        <Attr Name="ImportPath" Val="E:/vivado_projects/Codes/RiscV_modified/RiscV_modified.srcs/sources_1/new/signextend.v"/>
        <Attr Name="ImportTime" Val="1706537544"/>
        <Attr Name="UsedIn" Val="synthesis"/>
        <Attr Name="UsedIn" Val="implementation"/>
        <Attr Name="UsedIn" Val="simulation"/>
      </FileInfo>
    </File>
    <File Path="$PSRCDIR/sources_1/imports/Codes/RiscV_modified/RiscV_modified.srcs/sources_1/new/addresscal.v">
      <FileInfo>
        <Attr Name="ImportPath" Val="E:/vivado_projects/Codes/RiscV_modified/RiscV_modified.srcs/sources_1/new/addresscal.v"/>
        <Attr Name="ImportTime" Val="1706537544"/>
        <Attr Name="UsedIn" Val="synthesis"/>
        <Attr Name="UsedIn" Val="implementation"/>
        <Attr Name="UsedIn" Val="simulation"/>
      </FileInfo>
    </File>
    <File Path="$PSRCDIR/sources_1/imports/Codes/RiscV_modified/RiscV_modified.srcs/sources_1/new/IF_ID_Register.v">
      <FileInfo>
        <Attr Name="ImportPath" Val="E:/vivado_projects/Codes/RiscV_modified/RiscV_modified.srcs/sources_1/new/IF_ID_Register.v"/>
        <Attr Name="ImportTime" Val="1706537544"/>
        <Attr Name="UsedIn" Val="synthesis"/>
        <Attr Name="UsedIn" Val="implementation"/>
        <Attr Name="UsedIn" Val="simulation"/>
      </FileInfo>
    </File>
    <File Path="$PSRCDIR/sources_1/imports/Codes/RiscV_modified/RiscV_modified.srcs/sources_1/new/Register_File.v">
      <FileInfo>
        <Attr Name="ImportPath" Val="E:/vivado_projects/Codes/RiscV_modified/RiscV_modified.srcs/sources_1/new/Register_File.v"/>
        <Attr Name="ImportTime" Val="1706537544"/>
        <Attr Name="UsedIn" Val="synthesis"/>
        <Attr Name="UsedIn" Val="implementation"/>
        <Attr Name="UsedIn" Val="simulation"/>
      </FileInfo>
    </File>
    <File Path="$PSRCDIR/sources_1/imports/Codes/RiscV_modified/RiscV_modified.srcs/sources_1/new/Mux.v">
      <FileInfo>
        <Attr Name="ImportPath" Val="E:/vivado_projects/Codes/RiscV_modified/RiscV_modified.srcs/sources_1/new/Mux.v"/>
        <Attr Name="ImportTime" Val="1713179141"/>
        <Attr Name="UsedIn" Val="synthesis"/>
        <Attr Name="UsedIn" Val="implementation"/>
        <Attr Name="UsedIn" Val="simulation"/>
      </FileInfo>
    </File>
    <File Path="$PSRCDIR/sources_1/imports/Codes/RiscV_modified/RiscV_modified.srcs/sources_1/new/beq_check.v">
      <FileInfo>
        <Attr Name="ImportPath" Val="E:/vivado_projects/Codes/RiscV_modified/RiscV_modified.srcs/sources_1/new/beq_check.v"/>
        <Attr Name="ImportTime" Val="1706537544"/>
        <Attr Name="UsedIn" Val="synthesis"/>
        <Attr Name="UsedIn" Val="implementation"/>
        <Attr Name="UsedIn" Val="simulation"/>
      </FileInfo>
    </File>
    <File Path="$PSRCDIR/sources_1/imports/Codes/RiscV_modified/RiscV_modified.srcs/sources_1/new/control_signal.v">
      <FileInfo>
        <Attr Name="ImportPath" Val="E:/vivado_projects/Codes/RiscV_modified/RiscV_modified.srcs/sources_1/new/control_signal.v"/>
        <Attr Name="ImportTime" Val="1706537544"/>
        <Attr Name="UsedIn" Val="synthesis"/>
        <Attr Name="UsedIn" Val="implementation"/>
        <Attr Name="UsedIn" Val="simulation"/>
      </FileInfo>
    </File>
    <File Path="$PSRCDIR/sources_1/imports/Codes/RiscV_modified/RiscV_modified.srcs/sources_1/new/ctrl_sgnl_mux.v">
      <FileInfo>
        <Attr Name="ImportPath" Val="E:/vivado_projects/Codes/RiscV_modified/RiscV_modified.srcs/sources_1/new/ctrl_sgnl_mux.v"/>
        <Attr Name="ImportTime" Val="1706537544"/>
        <Attr Name="UsedIn" Val="synthesis"/>
        <Attr Name="UsedIn" Val="implementation"/>
        <Attr Name="UsedIn" Val="simulation"/>
      </FileInfo>
    </File>
    <File Path="$PSRCDIR/sources_1/imports/Codes/RiscV_modified/RiscV_modified.srcs/sources_1/new/ID_EX_Register.v">
      <FileInfo>
        <Attr Name="ImportPath" Val="E:/vivado_projects/Codes/RiscV_modified/RiscV_modified.srcs/sources_1/new/ID_EX_Register.v"/>
        <Attr Name="ImportTime" Val="1706537544"/>
        <Attr Name="UsedIn" Val="synthesis"/>
        <Attr Name="UsedIn" Val="implementation"/>
        <Attr Name="UsedIn" Val="simulation"/>
      </FileInfo>
    </File>
    <File Path="$PSRCDIR/sources_1/imports/Codes/RiscV_modified/RiscV_modified.srcs/sources_1/new/stalling_unit.v">
      <FileInfo>
        <Attr Name="ImportPath" Val="E:/vivado_projects/Codes/RiscV_modified/RiscV_modified.srcs/sources_1/new/stalling_unit.v"/>
        <Attr Name="ImportTime" Val="1706537544"/>
        <Attr Name="UsedIn" Val="synthesis"/>
        <Attr Name="UsedIn" Val="implementation"/>
        <Attr Name="UsedIn" Val="simulation"/>
      </FileInfo>
    </File>
    <File Path="$PSRCDIR/sources_1/imports/Codes/RiscV_modified/RiscV_modified.srcs/sources_1/new/computing_unit.v">
      <FileInfo>
        <Attr Name="ImportPath" Val="E:/vivado_projects/Codes/RiscV_modified/RiscV_modified.srcs/sources_1/new/computing_unit.v"/>
        <Attr Name="ImportTime" Val="1706537544"/>
        <Attr Name="UsedIn" Val="synthesis"/>
        <Attr Name="UsedIn" Val="implementation"/>
        <Attr Name="UsedIn" Val="simulation"/>
      </FileInfo>
    </File>
    <File Path="$PSRCDIR/sources_1/imports/Codes/RiscV_modified/RiscV_modified.srcs/sources_1/new/aluunit.v">
      <FileInfo>
        <Attr Name="ImportPath" Val="E:/vivado_projects/Codes/RiscV_modified/RiscV_modified.srcs/sources_1/new/aluunit.v"/>
        <Attr Name="ImportTime" Val="1706537544"/>
        <Attr Name="UsedIn" Val="synthesis"/>
        <Attr Name="UsedIn" Val="implementation"/>
        <Attr Name="UsedIn" Val="simulation"/>
      </FileInfo>
    </File>
    <File Path="$PSRCDIR/sources_1/imports/Codes/RiscV_modified/RiscV_modified.srcs/sources_1/new/mul_unit.v">
      <FileInfo>
        <Attr Name="ImportPath" Val="E:/vivado_projects/Codes/RiscV_modified/RiscV_modified.srcs/sources_1/new/mul_unit.v"/>
        <Attr Name="ImportTime" Val="1706537544"/>
        <Attr Name="UsedIn" Val="synthesis"/>
        <Attr Name="UsedIn" Val="implementation"/>
        <Attr Name="UsedIn" Val="simulation"/>
      </FileInfo>
    </File>
    <File Path="$PSRCDIR/sources_1/imports/Codes/RiscV_modified/RiscV_modified.srcs/sources_1/new/Mux_Read_data_2_Sel.v">
      <FileInfo>
        <Attr Name="ImportPath" Val="E:/vivado_projects/Codes/RiscV_modified/RiscV_modified.srcs/sources_1/new/Mux_Read_data_2_Sel.v"/>
        <Attr Name="ImportTime" Val="1706537544"/>
        <Attr Name="UsedIn" Val="synthesis"/>
        <Attr Name="UsedIn" Val="implementation"/>
        <Attr Name="UsedIn" Val="simulation"/>
      </FileInfo>
    </File>
    <File Path="$PSRCDIR/sources_1/imports/Codes/RiscV_modified/RiscV_modified.srcs/sources_1/new/EX_MEM_Register.v">
      <FileInfo>
        <Attr Name="ImportPath" Val="E:/vivado_projects/Codes/RiscV_modified/RiscV_modified.srcs/sources_1/new/EX_MEM_Register.v"/>
        <Attr Name="ImportTime" Val="1706537544"/>
        <Attr Name="UsedIn" Val="synthesis"/>
        <Attr Name="UsedIn" Val="implementation"/>
        <Attr Name="UsedIn" Val="simulation"/>
      </FileInfo>
    </File>
    <File Path="$PSRCDIR/sources_1/imports/Codes/RiscV_modified/RiscV_modified.srcs/sources_1/new/MEM_WB_Register.v">
      <FileInfo>
        <Attr Name="ImportPath" Val="E:/vivado_projects/Codes/RiscV_modified/RiscV_modified.srcs/sources_1/new/MEM_WB_Register.v"/>
        <Attr Name="ImportTime" Val="1706537544"/>
        <Attr Name="UsedIn" Val="synthesis"/>
        <Attr Name="UsedIn" Val="implementation"/>
        <Attr Name="UsedIn" Val="simulation"/>
      </FileInfo>
    </File>
    <File Path="$PSRCDIR/sources_1/imports/Codes/RiscV_modified/RiscV_modified.srcs/sources_1/new/Data_Memory.v">
      <FileInfo>
        <Attr Name="ImportPath" Val="E:/vivado_projects/Codes/RiscV_modified/RiscV_modified.srcs/sources_1/new/Data_Memory.v"/>
        <Attr Name="ImportTime" Val="1706537544"/>
        <Attr Name="UsedIn" Val="synthesis"/>
        <Attr Name="UsedIn" Val="implementation"/>
        <Attr Name="UsedIn" Val="simulation"/>
      </FileInfo>
    </File>
    <File Path="$PSRCDIR/sources_1/imports/Codes/RiscV_modified/RiscV_modified.srcs/sources_1/new/Forward_Unit.v">
      <FileInfo>
        <Attr Name="ImportPath" Val="E:/vivado_projects/Codes/RiscV_modified/RiscV_modified.srcs/sources_1/new/Forward_Unit.v"/>
        <Attr Name="ImportTime" Val="1706537544"/>
        <Attr Name="UsedIn" Val="synthesis"/>
        <Attr Name="UsedIn" Val="implementation"/>
        <Attr Name="UsedIn" Val="simulation"/>
      </FileInfo>
    </File>
    <File Path="$PSRCDIR/sources_1/imports/Codes/RiscV_modified/RiscV_modified.srcs/sources_1/new/Mux_MemWriteData.v">
      <FileInfo>
        <Attr Name="ImportPath" Val="E:/vivado_projects/Codes/RiscV_modified/RiscV_modified.srcs/sources_1/new/Mux_MemWriteData.v"/>
        <Attr Name="ImportTime" Val="1706537544"/>
        <Attr Name="UsedIn" Val="synthesis"/>
        <Attr Name="UsedIn" Val="implementation"/>
        <Attr Name="UsedIn" Val="simulation"/>
      </FileInfo>
    </File>
    <File Path="$PSRCDIR/sources_1/imports/Codes/RiscV_modified/RiscV_modified.srcs/sources_1/new/output_select.v">
      <FileInfo>
        <Attr Name="ImportPath" Val="E:/vivado_projects/Codes/RiscV_modified/RiscV_modified.srcs/sources_1/new/output_select.v"/>
        <Attr Name="ImportTime" Val="1706537544"/>
        <Attr Name="UsedIn" Val="synthesis"/>
        <Attr Name="UsedIn" Val="implementation"/>
        <Attr Name="UsedIn" Val="simulation"/>
      </FileInfo>
    </File>
    <File Path="$PSRCDIR/sources_1/imports/Codes/RiscV_modified/RiscV_modified.srcs/sources_1/new/Instructionmem.v">
      <FileInfo>
        <Attr Name="ImportPath" Val="E:/vivado_projects/Codes/RiscV_modified/RiscV_modified.srcs/sources_1/new/Instructionmem.v"/>
        <Attr Name="ImportTime" Val="1706537544"/>
        <Attr Name="UsedIn" Val="synthesis"/>
        <Attr Name="UsedIn" Val="implementation"/>
        <Attr Name="UsedIn" Val="simulation"/>
      </FileInfo>
    </File>
    <File Path="$PSRCDIR/sources_1/imports/Codes/router/top_module.v">
      <FileInfo>
        <Attr Name="ImportPath" Val="E:/vivado_projects/Codes/router/top_module.v"/>
        <Attr Name="ImportTime" Val="1705735764"/>
        <Attr Name="UsedIn" Val="synthesis"/>
        <Attr Name="UsedIn" Val="implementation"/>
        <Attr Name="UsedIn" Val="simulation"/>
      </FileInfo>
    </File>
    <File Path="$PSRCDIR/sources_1/imports/Codes/router/ip_link.v">
      <FileInfo>
        <Attr Name="ImportPath" Val="E:/vivado_projects/Codes/router/ip_link.v"/>
        <Attr Name="ImportTime" Val="1707661628"/>
        <Attr Name="UsedIn" Val="synthesis"/>
        <Attr Name="UsedIn" Val="implementation"/>
        <Attr Name="UsedIn" Val="simulation"/>
      </FileInfo>
    </File>
    <File Path="$PSRCDIR/sources_1/imports/Codes/router/ip_chnl.v">
      <FileInfo>
        <Attr Name="ImportPath" Val="E:/vivado_projects/Codes/router/ip_chnl.v"/>
        <Attr Name="ImportTime" Val="1705735763"/>
        <Attr Name="UsedIn" Val="synthesis"/>
        <Attr Name="UsedIn" Val="implementation"/>
        <Attr Name="UsedIn" Val="simulation"/>
      </FileInfo>
    </File>
    <File Path="$PSRCDIR/sources_1/imports/Codes/router/gray_mod6.v">
      <FileInfo>
        <Attr Name="ImportPath" Val="E:/vivado_projects/Codes/router/gray_mod6.v"/>
        <Attr Name="ImportTime" Val="1707655973"/>
        <Attr Name="UsedIn" Val="synthesis"/>
        <Attr Name="UsedIn" Val="implementation"/>
        <Attr Name="UsedIn" Val="simulation"/>
      </FileInfo>
    </File>
    <File Path="$PSRCDIR/sources_1/imports/Codes/router/jk_ff.v">
      <FileInfo>
        <Attr Name="ImportPath" Val="E:/vivado_projects/Codes/router/jk_ff.v"/>
        <Attr Name="ImportTime" Val="1705735763"/>
        <Attr Name="UsedIn" Val="synthesis"/>
        <Attr Name="UsedIn" Val="implementation"/>
        <Attr Name="UsedIn" Val="simulation"/>
      </FileInfo>
    </File>
    <File Path="$PSRCDIR/sources_1/imports/Codes/router/memory.v">
      <FileInfo>
        <Attr Name="ImportPath" Val="E:/vivado_projects/Codes/router/memory.v"/>
        <Attr Name="ImportTime" Val="1707660184"/>
        <Attr Name="UsedIn" Val="synthesis"/>
        <Attr Name="UsedIn" Val="implementation"/>
        <Attr Name="UsedIn" Val="simulation"/>
      </FileInfo>
    </File>
    <File Path="$PSRCDIR/sources_1/imports/Codes/router/asynch_comparator.v">
      <FileInfo>
        <Attr Name="ImportPath" Val="E:/vivado_projects/Codes/router/asynch_comparator.v"/>
        <Attr Name="ImportTime" Val="1705735763"/>
        <Attr Name="UsedIn" Val="synthesis"/>
        <Attr Name="UsedIn" Val="implementation"/>
        <Attr Name="UsedIn" Val="simulation"/>
      </FileInfo>
    </File>
    <File Path="$PSRCDIR/sources_1/imports/Codes/router/register_32bit.v">
      <FileInfo>
        <Attr Name="ImportPath" Val="E:/vivado_projects/Codes/router/register_32bit.v"/>
        <Attr Name="ImportTime" Val="1705735763"/>
        <Attr Name="UsedIn" Val="synthesis"/>
        <Attr Name="UsedIn" Val="implementation"/>
        <Attr Name="UsedIn" Val="simulation"/>
      </FileInfo>
    </File>
    <File Path="$PSRCDIR/sources_1/imports/Codes/router/routing_algo_mesh.v">
      <FileInfo>
        <Attr Name="ImportPath" Val="E:/vivado_projects/Codes/router/routing_algo_mesh.v"/>
        <Attr Name="ImportTime" Val="1705735764"/>
        <Attr Name="UsedIn" Val="synthesis"/>
        <Attr Name="UsedIn" Val="implementation"/>
        <Attr Name="UsedIn" Val="simulation"/>
      </FileInfo>
    </File>
    <File Path="$PSRCDIR/sources_1/imports/Codes/router/IRS.v">
      <FileInfo>
        <Attr Name="ImportPath" Val="E:/vivado_projects/Codes/router/IRS.v"/>
        <Attr Name="ImportTime" Val="1705735763"/>
        <Attr Name="UsedIn" Val="synthesis"/>
        <Attr Name="UsedIn" Val="implementation"/>
        <Attr Name="UsedIn" Val="simulation"/>
      </FileInfo>
    </File>
    <File Path="$PSRCDIR/sources_1/imports/Codes/router/dff_asynch_clr.v">
      <FileInfo>
        <Attr Name="ImportPath" Val="E:/vivado_projects/Codes/router/dff_asynch_clr.v"/>
        <Attr Name="ImportTime" Val="1705735763"/>
        <Attr Name="UsedIn" Val="synthesis"/>
        <Attr Name="UsedIn" Val="implementation"/>
        <Attr Name="UsedIn" Val="simulation"/>
      </FileInfo>
    </File>
    <File Path="$PSRCDIR/sources_1/imports/Codes/router/dff_synch_reset.v">
      <FileInfo>
        <Attr Name="ImportPath" Val="E:/vivado_projects/Codes/router/dff_synch_reset.v"/>
        <Attr Name="ImportTime" Val="1705735763"/>
        <Attr Name="UsedIn" Val="synthesis"/>
        <Attr Name="UsedIn" Val="implementation"/>
        <Attr Name="UsedIn" Val="simulation"/>
      </FileInfo>
    </File>
    <File Path="$PSRCDIR/sources_1/imports/Codes/router/dff_synch_set.v">
      <FileInfo>
        <Attr Name="ImportPath" Val="E:/vivado_projects/Codes/router/dff_synch_set.v"/>
        <Attr Name="ImportTime" Val="1705735763"/>
        <Attr Name="UsedIn" Val="synthesis"/>
        <Attr Name="UsedIn" Val="implementation"/>
        <Attr Name="UsedIn" Val="simulation"/>
      </FileInfo>
    </File>
    <File Path="$PSRCDIR/sources_1/imports/Codes/router/op_link1.v">
      <FileInfo>
        <Attr Name="ImportPath" Val="E:/vivado_projects/Codes/router/op_link1.v"/>
        <Attr Name="ImportTime" Val="1705735763"/>
        <Attr Name="UsedIn" Val="synthesis"/>
        <Attr Name="UsedIn" Val="implementation"/>
        <Attr Name="UsedIn" Val="simulation"/>
      </FileInfo>
    </File>
    <File Path="$PSRCDIR/sources_1/imports/Codes/router/round_robin_req.v">
      <FileInfo>
        <Attr Name="ImportPath" Val="E:/vivado_projects/Codes/router/round_robin_req.v"/>
        <Attr Name="ImportTime" Val="1705735764"/>
        <Attr Name="UsedIn" Val="synthesis"/>
        <Attr Name="UsedIn" Val="implementation"/>
        <Attr Name="UsedIn" Val="simulation"/>
      </FileInfo>
    </File>
    <File Path="$PSRCDIR/sources_1/imports/Codes/router/encoder.v">
      <FileInfo>
        <Attr Name="ImportPath" Val="E:/vivado_projects/Codes/router/encoder.v"/>
        <Attr Name="ImportTime" Val="1705735763"/>
        <Attr Name="UsedIn" Val="synthesis"/>
        <Attr Name="UsedIn" Val="implementation"/>
        <Attr Name="UsedIn" Val="simulation"/>
      </FileInfo>
    </File>
    <File Path="$PSRCDIR/sources_1/imports/Codes/router/allot_vc.v">
      <FileInfo>
        <Attr Name="ImportPath" Val="E:/vivado_projects/Codes/router/allot_vc.v"/>
        <Attr Name="ImportTime" Val="1705735763"/>
        <Attr Name="UsedIn" Val="synthesis"/>
        <Attr Name="UsedIn" Val="implementation"/>
        <Attr Name="UsedIn" Val="simulation"/>
      </FileInfo>
    </File>
    <File Path="$PSRCDIR/sources_1/imports/Codes/router/rr_comb_new.v">
      <FileInfo>
        <Attr Name="ImportPath" Val="E:/vivado_projects/Codes/router/rr_comb_new.v"/>
        <Attr Name="ImportTime" Val="1705735764"/>
        <Attr Name="UsedIn" Val="synthesis"/>
        <Attr Name="UsedIn" Val="implementation"/>
        <Attr Name="UsedIn" Val="simulation"/>
      </FileInfo>
    </File>
    <File Path="$PSRCDIR/sources_1/imports/Codes/router/demux_16.v">
      <FileInfo>
        <Attr Name="ImportPath" Val="E:/vivado_projects/Codes/router/demux_16.v"/>
        <Attr Name="ImportTime" Val="1705735763"/>
        <Attr Name="UsedIn" Val="synthesis"/>
        <Attr Name="UsedIn" Val="implementation"/>
        <Attr Name="UsedIn" Val="simulation"/>
      </FileInfo>
    </File>
    <File Path="$PSRCDIR/sources_1/imports/Codes/router/register_1bit.v">
      <FileInfo>
        <Attr Name="ImportPath" Val="E:/vivado_projects/Codes/router/register_1bit.v"/>
        <Attr Name="ImportTime" Val="1705735763"/>
        <Attr Name="UsedIn" Val="synthesis"/>
        <Attr Name="UsedIn" Val="implementation"/>
        <Attr Name="UsedIn" Val="simulation"/>
      </FileInfo>
    </File>
    <File Path="$PSRCDIR/sources_1/imports/Codes/router/mux.v">
      <FileInfo>
        <Attr Name="ImportPath" Val="E:/vivado_projects/Codes/router/mux.v"/>
        <Attr Name="ImportTime" Val="1705735763"/>
        <Attr Name="UsedIn" Val="synthesis"/>
        <Attr Name="UsedIn" Val="implementation"/>
        <Attr Name="UsedIn" Val="simulation"/>
      </FileInfo>
    </File>
    <File Path="$PSRCDIR/sources_1/imports/Codes/router/dff_synch_clr.v">
      <FileInfo>
        <Attr Name="ImportPath" Val="E:/vivado_projects/Codes/router/dff_synch_clr.v"/>
        <Attr Name="ImportTime" Val="1705735763"/>
        <Attr Name="UsedIn" Val="synthesis"/>
        <Attr Name="UsedIn" Val="implementation"/>
        <Attr Name="UsedIn" Val="simulation"/>
      </FileInfo>
    </File>
    <File Path="$PSRCDIR/sources_1/imports/Codes/router/router_fifo.v">
      <FileInfo>
        <Attr Name="ImportPath" Val="E:/vivado_projects/Codes/router/router_fifo.v"/>
        <Attr Name="ImportTime" Val="1707659360"/>
        <Attr Name="UsedIn" Val="synthesis"/>
        <Attr Name="UsedIn" Val="implementation"/>
        <Attr Name="UsedIn" Val="simulation"/>
      </FileInfo>
    </File>
    <File Path="$PSRCDIR/sources_1/imports/Codes/router/op_link2.v">
      <FileInfo>
        <Attr Name="ImportPath" Val="E:/vivado_projects/Codes/router/op_link2.v"/>
        <Attr Name="ImportTime" Val="1705735763"/>
        <Attr Name="UsedIn" Val="synthesis"/>
        <Attr Name="UsedIn" Val="implementation"/>
        <Attr Name="UsedIn" Val="simulation"/>
      </FileInfo>
    </File>
    <File Path="$PSRCDIR/sources_1/imports/Codes/router/op_link3.v">
      <FileInfo>
        <Attr Name="ImportPath" Val="E:/vivado_projects/Codes/router/op_link3.v"/>
        <Attr Name="ImportTime" Val="1705735763"/>
        <Attr Name="UsedIn" Val="synthesis"/>
        <Attr Name="UsedIn" Val="implementation"/>
        <Attr Name="UsedIn" Val="simulation"/>
      </FileInfo>
    </File>
    <File Path="$PSRCDIR/sources_1/imports/Codes/router/op_link4.v">
      <FileInfo>
        <Attr Name="ImportPath" Val="E:/vivado_projects/Codes/router/op_link4.v"/>
        <Attr Name="ImportTime" Val="1705735763"/>
        <Attr Name="UsedIn" Val="synthesis"/>
        <Attr Name="UsedIn" Val="implementation"/>
        <Attr Name="UsedIn" Val="simulation"/>
      </FileInfo>
    </File>
    <File Path="$PSRCDIR/sources_1/imports/Codes/router/op_core.v">
      <FileInfo>
        <Attr Name="ImportPath" Val="E:/vivado_projects/Codes/router/op_core.v"/>
        <Attr Name="ImportTime" Val="1705735763"/>
        <Attr Name="UsedIn" Val="synthesis"/>
        <Attr Name="UsedIn" Val="implementation"/>
        <Attr Name="UsedIn" Val="simulation"/>
      </FileInfo>
    </File>
    <File Path="$PSRCDIR/sources_1/imports/Codes/router/op_data_path.v">
      <FileInfo>
        <Attr Name="ImportPath" Val="E:/vivado_projects/Codes/router/op_data_path.v"/>
        <Attr Name="ImportTime" Val="1705735763"/>
        <Attr Name="UsedIn" Val="synthesis"/>
        <Attr Name="UsedIn" Val="implementation"/>
        <Attr Name="UsedIn" Val="simulation"/>
      </FileInfo>
    </File>
    <File Path="$PSRCDIR/sources_1/imports/Codes/router/fop.v">
      <FileInfo>
        <Attr Name="ImportPath" Val="E:/vivado_projects/Codes/router/fop.v"/>
        <Attr Name="ImportTime" Val="1705735763"/>
        <Attr Name="UsedIn" Val="synthesis"/>
        <Attr Name="UsedIn" Val="implementation"/>
        <Attr Name="UsedIn" Val="simulation"/>
      </FileInfo>
    </File>
    <File Path="$PSRCDIR/sources_1/imports/Codes/router/rr_arbiter.v">
      <FileInfo>
        <Attr Name="ImportPath" Val="E:/vivado_projects/Codes/router/rr_arbiter.v"/>
        <Attr Name="ImportTime" Val="1705735764"/>
        <Attr Name="UsedIn" Val="synthesis"/>
        <Attr Name="UsedIn" Val="implementation"/>
        <Attr Name="UsedIn" Val="simulation"/>
      </FileInfo>
    </File>
    <File Path="$PSRCDIR/sources_1/imports/Codes/router/priority_encoder.v">
      <FileInfo>
        <Attr Name="ImportPath" Val="E:/vivado_projects/Codes/router/priority_encoder.v"/>
        <Attr Name="ImportTime" Val="1705735763"/>
        <Attr Name="UsedIn" Val="synthesis"/>
        <Attr Name="UsedIn" Val="implementation"/>
        <Attr Name="UsedIn" Val="simulation"/>
      </FileInfo>
    </File>
    <File Path="$PSRCDIR/sources_1/imports/Codes/router/falling_edge_pulse_generator.v">
      <FileInfo>
        <Attr Name="ImportPath" Val="E:/vivado_projects/Codes/router/falling_edge_pulse_generator.v"/>
        <Attr Name="ImportTime" Val="1705735763"/>
        <Attr Name="UsedIn" Val="synthesis"/>
        <Attr Name="UsedIn" Val="implementation"/>
        <Attr Name="UsedIn" Val="simulation"/>
      </FileInfo>
    </File>
    <File Path="$PSRCDIR/sources_1/new/Main_auto.sv">
      <FileInfo>
        <Attr Name="UsedIn" Val="synthesis"/>
        <Attr Name="UsedIn" Val="implementation"/>
        <Attr Name="UsedIn" Val="simulation"/>
      </FileInfo>
    </File>
    <File Path="$PSRCDIR/sources_1/new/Auto_Mesh.sv">
      <FileInfo>
        <Attr Name="UsedIn" Val="synthesis"/>
        <Attr Name="UsedIn" Val="implementation"/>
        <Attr Name="UsedIn" Val="simulation"/>
      </FileInfo>
    </File>
    <File Path="$PSRCDIR/sources_1/imports/Codes/router/register_4bit.v">
      <FileInfo>
        <Attr Name="ImportPath" Val="E:/vivado_projects/Codes/router/register_4bit.v"/>
        <Attr Name="ImportTime" Val="1705735764"/>
        <Attr Name="UsedIn" Val="synthesis"/>
        <Attr Name="UsedIn" Val="implementation"/>
        <Attr Name="UsedIn" Val="simulation"/>
      </FileInfo>
    </File>
    <Config>
      <Option Name="DesignMode" Val="RTL"/>
      <Option Name="TopModule" Val="Main_auto"/>
    </Config>
  </FileSet>
  <FileSet Name="constrs_in" Type="Constrs" RelSrcDir="$PSRCDIR/constrs_1">
    <Filter Type="Constrs"/>
    <Config>
      <Option Name="ConstrsType" Val="XDC"/>
    </Config>
  </FileSet>
  <FileSet Name="utils" Type="Utils" RelSrcDir="$PSRCDIR/utils_1">
    <Filter Type="Utils"/>
    <File Path="$PPRDIR/../NI_AND_Router_3x3/NI_AND_Router_3x3.srcs/utils_1/imports/synth_1/Main_auto.dcp">
      <FileInfo>
        <Attr Name="UsedIn" Val="synthesis"/>
        <Attr Name="UsedIn" Val="implementation"/>
        <Attr Name="UsedInSteps" Val="synth_1"/>
        <Attr Name="AutoDcp" Val="1"/>
      </FileInfo>
    </File>
    <Config>
      <Option Name="TopAutoSet" Val="TRUE"/>
    </Config>
  </FileSet>
  <Strategy Version="1" Minor="2">
    <StratHandle Name="Vivado Implementation Defaults" Flow="Vivado Implementation 2021"/>
    <Step Id="init_design"/>
    <Step Id="opt_design"/>
    <Step Id="power_opt_design"/>
    <Step Id="place_design"/>
    <Step Id="post_place_power_opt_design"/>
    <Step Id="phys_opt_design"/>
    <Step Id="route_design"/>
    <Step Id="post_route_phys_opt_design"/>
    <Step Id="write_bitstream"/>
    <Step Id="write_device_image"/>
  </Strategy>
</GenRun>
